aah97e00-page02_1_jpg.rf.b05d1901504ffb90d4a5ae5978ab182c.jpg,0,0,100.00,386
aah97e00-page02_2_jpg.rf.9c52de62ab3471bf3f48b1d60654f7bb.jpg,1,10,4.19,227
aam09c00_jpg.rf.be02fbea5e3f4269a2419952cff0c8b2.jpg,1,9,11.17,215
acr64d00_jpg.rf.80c899e7d363c365f7eabd58f00376b4.jpg,1,9,5.56,142
adh36e00-page2_1_jpg.rf.b1104a907572f10b87561f097e6871ba.jpg,0,0,100.00,244
adp7aa00_jpg.rf.be7449073e76d0d9b5500e66f9f8e252.jpg,1,9,13.23,128
adq65f00_jpg.rf.f28f5d70c209bfcd7e93e6dbbf091505.jpg,1,11,15.57,115
aeb95e00_jpg.rf.c980b393baab1237bd1fa82d275a7840.jpg,1,10,6.60,148
aee44c00_jpg.rf.5d83ee8c8d32d763f0fb94486c3dcb7e.jpg,1,8,8.26,114
aeq93a00_jpg.rf.e6ed1bad4b619aaac899c43a41a466c7.jpg,1,8,19.47,123
ail70a00_jpg.rf.bdfddbd9d3846f5c65f0beaf6abfc008.jpg,1,10,8.48,117
ajj10e00_jpg.rf.d75937c912293548cd9a588a6b0eefc0.jpg,1,10,3.37,159
ajy01c00_jpg.rf.27ba4456d0e66648c5a9a1c1e5517008.jpg,1,10,11.22,135
aki32e00_jpg.rf.189270486e0e4ecaf8635da598568966.jpg,1,10,6.84,140
alz35d00_jpg.rf.013749684cd65d92911914fc69dd1c52.jpg,1,8,9.59,118
ama91d00-page03_3_jpg.rf.9194a22a15a2ac6514f59ef1432743c2.jpg,1,9,5.43,121
amw93e00_jpg.rf.1952165093c5431ada193146da9b1c7c.jpg,1,9,24.00,119
anv39d00_jpg.rf.d8325d793611186abf57f13286cb6d0e.jpg,1,6,7.03,144
arr09c00_jpg.rf.021d62e46a81cb73ea2c5e13792d23ef.jpg,1,17,8.07,199
arz92e00_jpg.rf.d032a45166eda3a7b6ca41c47bde7d69.jpg,1,11,2.44,213
asg54f00_jpg.rf.01cfe5860465c4013b82cd3ea27e0818.jpg,1,9,12.80,139
atz94a00_jpg.rf.b00f3c34b9c3336697a6eaeeb42d6cfb.jpg,1,12,8.93,188
avd23f00-first_1_jpg.rf.22905f13dcece0e2eb24a02347f3f8d7.jpg,1,0,100.00,117
bak14d00_jpg.rf.31199e184bdfa850769763c5ba46046b.jpg,1,6,4.56,234
bat60e00_jpg.rf.c623eeb1eb0ef83df09db55559659916.jpg,1,10,24.14,207
bbl21f00_jpg.rf.94178d904163d04c4ad70fcb1b98eeaf.jpg,1,7,8.91,152
bbn00d00-first_jpg.rf.1fc637b334daf4dbb1283c9f5a8d01f1.jpg,1,0,100.00,269
bbt85f00_jpg.rf.4604426bbfe9225eb083ae9b4ffe0c4b.jpg,1,11,4.37,119
bda6aa00_jpg.rf.2cc308dbd8dff830ad55335cb45b9abf.jpg,1,10,11.31,144
bea6aa00_jpg.rf.11cf3974415da0fff453cd719fe22e0c.jpg,1,10,2.21,128
bhd80a00_jpg.rf.b9b89dfbf536017a8a9eedc50ce9c204.jpg,1,10,12.27,136
bhw64a00_jpg.rf.6b3205a4804b9ab4dc04f40cf5dcd59d.jpg,1,10,46.78,277
bjn43c00-page02_1_jpg.rf.06e671087a2d5e668c562856a97d406a.jpg,1,9,10.47,113
bnj00a00_jpg.rf.52f04e923d23e02db7e88062a72489a6.jpg,1,8,5.96,155
boa85f00_jpg.rf.6387b8ae5610c719408583b65976d819.jpg,1,10,41.18,125
btc51a00_jpg.rf.7ef458c24719b67228ec25c377576b6c.jpg,1,1,50.81,158
btu54a00_jpg.rf.43b00ee0ccf7e577f3be975c983bfb93.jpg,1,11,5.17,113
byd23a00_jpg.rf.fbb5e8d41ed07dc4f2b3fa30368768c2.jpg,1,10,6.72,117
cad45f00-page02_1_jpg.rf.28571d999bd9c4e78a203d630b16b7cb.jpg,0,0,100.00,117
cbm67e00-page02_2_jpg.rf.1eb267cb16f6fd95a92add6e730eb4a4.jpg,1,10,16.85,146
cbp51e00_2_jpg.rf.7051a48589f354433fd8b8eafe31c918.jpg,1,10,6.18,119
cch43f00-page02-var_1_jpg.rf.331fa2e28cff949c63fb4c1ce75b3b46.jpg,0,0,100.00,127
ccl77c00-page02_1_jpg.rf.f00b481f94ed5d1c331ea01b00bd62a1.jpg,0,0,100.00,169
cdp9aa00-page02_1_jpg.rf.9baab68a45d83f32ce937319aa47b7a6.jpg,0,4,100.00,123
cdq65f00_jpg.rf.59eb3db68b7e544dba00c842f28f26f7.jpg,1,10,21.66,132
ceo64a00-page02_2_jpg.rf.6eed3b51407808135f3699670e7b15e2.jpg,2,20,41.62,148
chw80e00_1_jpg.rf.3e16ac0250ad2456e8fb225613ad0df3.jpg,1,10,8.16,129
cio55e00-page02-variant_2_jpg.rf.1ad37cd3265d6e1e75cb9353fcf44e17.jpg,1,10,14.87,125
ciy01a00-page02_2_jpg.rf.25dfef34c7d433b7d2e370370bd52411.jpg,1,10,6.16,143
cjb54c00_jpg.rf.82b659213b9f7e188e7128b17e2a795d.jpg,1,18,7.99,114
cjb54c00_jpg.rf.8379505aa3051eb6b9f113fa6297d353.jpg,1,17,7.52,118
cjx9aa00_jpg.rf.cbb13391e64b0c6458512a72ca8f5a20.jpg,1,10,12.86,119
cjy33f00-page02_2_jpg.rf.1b43eb1ddcc4864c51cff9e8e0c56298.jpg,2,17,20.16,137
cmw13f00_jpg.rf.a297c9a4661f71cffcbde979e04aedf0.jpg,1,9,3.19,121
cnk41e00-page02_2_jpg.rf.3b6e813dfcdb914187f46618d643cb2c.jpg,1,11,5.81,128
cqt45f00-page02_1_jpg.rf.9021b2e3e6c9976eda64678ed11af7e6.jpg,0,0,100.00,137
cqt45f00-page02_2_jpg.rf.6df45a34d0d0e92cc70c197b48c85046.jpg,1,11,3.97,125
cqt45f00-page02_2_jpg.rf.ba1298286675e2a686ccc89d1cb40b21.jpg,1,11,5.76,120
crr09c00_1_jpg.rf.5ccca57c1ed78aef206e9e5969904290.jpg,1,7,4.45,129
cry54f00_1_jpg.rf.9a7527ceeb9b3e6bc5554b445266924f.jpg,1,8,40.52,143
cvg13f00_jpg.rf.988e7dfd4eb6b12037071a8dcae12596.jpg,1,10,5.84,119
cxi59c00_1_jpg.rf.01fb5ae3eae46d86ddf107864e4eb343.jpg,1,10,11.18,204
cxi59c00_2_jpg.rf.269e748fa74603ecf502c919a46962c4.jpg,1,10,4.19,126
daf01f00-first_jpg.rf.1c5f8d28beca717ff37185974d8f381b.jpg,1,9,10.85,194
dfm53d00_jpg.rf.3cd6be44ad967c47d6e925768debaf21.jpg,3,21,15.72,153
dgi64c00_jpg.rf.04809092d5f3514d3a142355f6b096f3.jpg,3,26,24.38,121
dgi64c00_jpg.rf.d44cd639144385a0a301a7285f62af4e.jpg,2,25,25.22,123
dgw64a00_jpg.rf.a52965707e6aec54eee356e38a996f94.jpg,1,22,23.70,147
dic45f00_1_jpg.rf.c7e9b1a21280cb55f1ee0e93891ac818.jpg,1,9,28.67,125
diy01a00-page02_1_jpg.rf.1b735b9546ad9e360efa47021e832fbe.jpg,0,0,100.00,113
djy33f00-page02_1_jpg.rf.41801a070508cb4adfe7be56ea0360ba.jpg,0,0,100.00,122
djy33f00-page02_2_jpg.rf.03892e6844a95aa28f8bb12faaf270e3.jpg,1,10,20.71,144
dkb01a00-page03_3_jpg.rf.20045fba3f0b9832d1f4d89f9c18d534.jpg,1,10,11.01,116
dme30a00_jpg.rf.ec15a936c450b3426eb780eb9ff8a43e.jpg,1,10,13.01,116
dmy31e00-page02_1_jpg.rf.d5e1c82553b76b777f7a50eadb29fe3d.jpg,0,0,100.00,112
dmy31e00-page02_2_jpg.rf.19634b9d2c3eb136a7166e0fd20d6387.jpg,1,12,5.22,136
drd89c00-page02_2_jpg.rf.12cc90b54a87d23791f3809d8ec0c881.jpg,1,10,11.28,114
dtf1aa00_jpg.rf.7524cbce01263615033f896f63b01ce3.jpg,1,10,5.08,123
dvw54f00_1_jpg.rf.23727ed6fb6aa8400cd26710c43a8e3f.jpg,1,9,16.20,112
dwr29e00_2_jpg.rf.2d0eaf72e2af5547b77226f933c1c21a.jpg,1,11,2.26,124
dxj24f00_jpg.rf.52fb23e0df19d0dde2a39621e0b8603e.jpg,2,10,100.00,131
dxj24f00_jpg.rf.d58703310cb6c59fe2cab839398f7b86.jpg,1,10,4.89,115
eao90f00_jpg.rf.246695f4918a51b3937f095c7298a21d.jpg,1,10,8.98,115
eao90f00_jpg.rf.f9dbaf234046e51ccd536131a1ae8edc.jpg,1,9,10.59,119
eat60e00_jpg.rf.9beff37a5c6bde247b53730d708d54c4.jpg,1,10,7.95,123
ecn9aa00_jpg.rf.666711d389197e299b0e5809dfb158e1.jpg,1,0,100.00,121
ecv85f00_jpg.rf.367444ec229941592bd8f3aeb81f8e22.jpg,2,10,100.00,114
edj50e00-first_1_jpg.rf.6f961f303b348275dc0965e038356480.jpg,0,0,100.00,137
edj50e00-first_3_jpg.rf.259b2edae970f3cb467a6048af108664.jpg,1,9,20.13,114
eeo04f00_jpg.rf.3dc9efca4731b8322995f71afd28c3af.jpg,1,10,29.03,119
eex05f00_1_jpg.rf.9d95fb9b22b102abc7bffa1e920c6ccf.jpg,1,9,6.15,178
efm53d00_jpg.rf.5cfd14a4aa53fd31a861d8c51ca66b55.jpg,3,26,23.45,152
egg15f00-page2-full_2_jpg.rf.8b14f9c1bff759b18df15a1a2fe2d1ed.jpg,1,10,3.35,112
ehz25e00_jpg.rf.59edd1ec9bbfab992730c41e01ce86a2.jpg,1,11,18.70,118
eig45f00_jpg.rf.e2293d2c6fff9ff691c0020c61b10c58.jpg,1,10,11.35,116
eiv46d00_jpg.rf.5829f446f3aaaa9040eae397a23017ef.jpg,1,10,27.61,157
ekv93d00_jpg.rf.de2ee5739d6b5f8ae5337e06d31e15c7.jpg,1,10,7.53,129
eld41a00_jpg.rf.abf9b866bc4b60fa93305142552e093f.jpg,1,10,2.81,153
enj41f00_jpg.rf.80b717bdba227fe62db238494dc0ca8c.jpg,1,10,3.19,127
enk41e00-page2_1_jpg.rf.933528b6fb8b7b5cc85eb2b16c582b19.jpg,0,0,100.00,130
enk41e00-page2_2_jpg.rf.246ef719fc63aef768fea14d539c31d0.jpg,1,10,7.98,147
enm00a00_jpg.rf.57956f05776051e1995b02dae36fb1d8.jpg,1,9,6.19,124
eqb46d00_jpg.rf.32989179b312d9193cdac601b896039a.jpg,1,10,9.41,129
eqp14e00-page02_2_jpg.rf.b5c85c5778d70d9d595ad760b2d517a1.jpg,1,10,5.38,144
erk44a00_1_jpg.rf.c0f17ec585b507f8977d64f283dc1fdf.jpg,1,10,7.02,121
evz52d00-page02_2_jpg.rf.c1894194928e4cac8428ff5688dd0800.jpg,1,10,7.79,140
ewe36d00_jpg.rf.3be8e7337faae434367e68749c36fbba.jpg,1,10,5.99,135
exl43d00-page02_2_jpg.rf.d8e2aea4915385ad1e81f0afb9816bc7.jpg,2,9,15.31,109
ezr04d00_jpg.rf.ade3ba8594f204aafbb232c010192456.jpg,1,7,5.49,114
fbv15e00_jpg.rf.9043c2d16832b6bde5277f0eeb863157.jpg,1,10,14.05,130
fft10f00_jpg.rf.b30f5d3f53066773faf029e7724117d8.jpg,1,11,19.94,151
fki00f00-page02_2_jpg.rf.3fed5a9abad8e62131af4fadbf975ab2.jpg,1,9,20.35,119
foc33a00-page02_1_jpg.rf.cc3ea50f1aeebb5eaa1eba5c576742a6.jpg,0,0,100.00,142
foc33a00-page02_2_jpg.rf.2b747683147be937c08016405082465a.jpg,1,10,10.27,116
fre41e00_jpg.rf.fc37d571b6cb9be3c625bb865e4eba63.jpg,1,15,11.70,116
ftf1aa00_jpg.rf.69f1b6d41bb492c6f7d31717b4fcd838.jpg,1,6,11.60,116
fvz52d00-page02_2_jpg.rf.6f600a787062f1e33dd1b933ce534ef0.jpg,1,10,10.25,119
fys53c00-page02_3_jpg.rf.da3ec9163ee6c1a3badfc6095ba7a141.jpg,1,8,3.96,142
gat5aa00_jpg.rf.dc50c9e358f7add404b85b318ca4e460.jpg,1,8,15.19,202
gcv85f00_jpg.rf.052f1b66b6a3d34bfaa97f11585b070b.jpg,2,16,11.41,126
getdoc_jpg.rf.db0f15a61cfc6cc97a4dc063a3d3a6a6.jpg,1,12,8.03,169
giy01a00-page02_2_jpg.rf.82d1dba534c1aa1c80126d800ec8ea8e.jpg,1,10,6.86,128
gjk79c00_jpg.rf.e22797cfec3238ec6c81eb0c0e0d698c.jpg,1,10,13.40,121
gjw13f00_jpg.rf.9684e67579a89723fbcef57e8d33e025.jpg,1,11,8.49,141
gko55e00-page02_1_jpg.rf.b2ebcac0b7a88f25c0374709ef59641d.jpg,0,0,100.00,131
gnx21c00-page02_2_jpg.rf.f18c41327df2da2e568508dc5b4f116d.jpg,1,10,7.93,115
gpq38e00-page02_1_jpg.rf.e9661dfff28a63bceb1ab7161637373d.jpg,1,7,11.64,112
gpq38e00-page02_2_jpg.rf.d7a7d9bc7b9be27ecdeed605506fb118.jpg,1,10,9.51,148
grm00d00_jpg.rf.ca03a42680c13d4ab574e800b38359e2.jpg,1,10,2.78,130
gsr09c00_jpg.rf.ca85634b99c86120024584ea11c8ef9f.jpg,1,8,14.53,118
gxp01f00_1_jpg.rf.bf1353b82857ff5bc07490838641c0ab.jpg,1,10,19.55,140
gxv75f00_1_jpg.rf.1057c03e8c09353da78f80ed33c4c288.jpg,1,10,22.50,132
hbt66c00_jpg.rf.c86b9fc64d31c24986eebfca77d7c76f.jpg,1,10,28.71,120
hby31f00_3_jpg.rf.99d5e71186bde92675ddae2eae6ffff0.jpg,0,0,100.00,145
hcj11c00-page02_2_jpg.rf.dbdc685ac4f15af50b679c176bf9ae6b.jpg,1,8,14.77,119
hcu72e00_1_jpg.rf.8a22e1410403bf72b04cc3bd23bd9253.jpg,0,0,100.00,123
hcu72e00_2_jpg.rf.c41d5e2547fb0b7e9fb12da334ecd48d.jpg,1,10,7.49,127
hdx55e00_jpg.rf.58da1d1ec0a3c4b58831ae0ffa0087ae.jpg,1,10,13.60,133
hfv39d00_jpg.rf.4a230d20339d93e0016e8ca19e742c69.jpg,1,7,21.67,122
hgp21c00-var_jpg.rf.459a3a24e112fa7a5683113d35a2e517.jpg,2,19,27.73,121
hhz25e00_jpg.rf.51d5cf223803782e4f3c7465f2674843.jpg,1,11,10.86,119
hku85f00_jpg.rf.f4c356908b6997eb20d4edc87ca86351.jpg,1,10,7.28,131
hlm6aa00-init_jpg.rf.fd7046439ab3c3632d1e1e096b177e52.jpg,1,25,11.92,117
hmb86c00_jpg.rf.f4a414ac3868faeb2c24639e3ddb4e8e.jpg,1,10,12.36,126
hqi59c00_jpg.rf.cb0109eefac4ceb31c1b1a415ced8cf3.jpg,3,29,20.87,113
HSqSXe_png_jpg.rf.611fb71db1258341f1311cb5fab43127.jpg,0,0,100.00,126
hti31a00_1_jpg.rf.dd5c724f8604f9ac03f1e1a79183aa6d.jpg,1,11,18.34,130
hty24f00-page02_2_jpg.rf.135b225e4a66b540a4e914259088bcc4.jpg,3,26,17.66,112
huz50e00_1_jpg.rf.b7055973f27e6d5592c150f3adbfeaa5.jpg,1,9,7.05,118
hwz64c00-var_jpg.rf.ade7b0cd0808357a2d14425ff6dd8c04.jpg,1,10,5.60,124
hxv75f00_1_jpg.rf.f8c5bdfca737d594c0e4bef50f5962f4.jpg,1,9,13.61,143
hyb45f00_jpg.rf.ba91b9ea9b7e0b32a562a69dba1dfd49.jpg,1,9,16.37,107
ibk15f00-page02_1_jpg.rf.a4e5244ed3cc919d06d9b97c91fce39e.jpg,0,0,100.00,115
ibu31a00_jpg.rf.b4938cff74212d3a60ff67de5a1bb282.jpg,1,11,15.36,119
icr55d00_jpg.rf.b1b7ff29dfab9c01cdc22ed4b432cecb.jpg,7,69,9.92,123
icw51a00_jpg.rf.990280e444ea79e69e2a03e4dbe622da.jpg,1,14,19.66,145
ihh44a00_jpg.rf.76ddd7589ef32edc4ea9c6a02e7bba74.jpg,2,9,100.00,114
ijt58d00-page02_2_jpg.rf.feac3e2a0659a776494cad54e1f0aa4d.jpg,2,30,9.72,132
iln90f00_jpg.rf.eef06077e32ed468393eeef150ebc46e.jpg,1,9,8.37,136
image_1_jpg.rf.2324e23fe62a7ae057f3d1da2e7cd9ce.jpg,2,9,54.26,113
image_111_png_jpg.rf.02f5f5909e0f26ef69c87088536a75b7.jpg,1,12,11.22,116
image_129_png_jpg.rf.ba83bb25bf5989bbc3d78e9e15996b02.jpg,1,9,39.29,116
image_139_png_jpg.rf.1c7439059e86ebce444f171864cecdbc.jpg,1,0,100.00,113
image_149_png_jpg.rf.79279f27ad8e43d6b2930793358a7461.jpg,1,41,9.27,200
image_151_png_jpg.rf.ea3fb076c5fa14c8db472f84778ee77b.jpg,2,17,19.65,138
image_177_png_jpg.rf.5ac2ae4ea0925b7ef45e208a64c3427d.jpg,1,11,7.06,128
image_19_png_jpg.rf.40fc6c71761b8d23f30ce95cabf8cc10.jpg,6,58,41.13,118
image_190_png_jpg.rf.6059b908a5d807ecf3e329857764a517.jpg,2,21,21.54,118
image_195_png_jpg.rf.601a17eb058eab362dfd13e671bfee3a.jpg,1,0,100.00,164
image_2_jpg.rf.ab515132928c02ca4bef78393bfd49bb.jpg,0,0,100.00,117
image_24_png_jpg.rf.e625791030ba71c4c28225e15bef22d1.jpg,1,12,15.66,128
image_3_jpg.rf.e656a51c0c242d4cc2e6f5ae411cd415.jpg,1,10,15.75,135
image_31_png_jpg.rf.f2955048de07ce944ec867ae80014e61.jpg,1,10,8.91,147
image_42_jpg.rf.a6203ea031cc716c5e007fcdf1ae1981.jpg,1,9,31.29,164
image_5_png_jpg.rf.6263efb1817e746efce3161982618ff7.jpg,1,2,62.15,123
image_56_png_jpg.rf.d4d2b7418bf165570ef9f216202de12f.jpg,1,10,14.23,147
image_6_png_jpg.rf.2b03794bddefe46c7386a01c46fcca24.jpg,5,40,19.02,119
image_87_png_jpg.rf.0a9742ec9da0bc153b7c208bad4f0b44.jpg,1,19,100.00,118
image_89_png_jpg.rf.eb5b1b1d3c6c66b6ba21794ca2e7a99b.jpg,1,16,19.04,159
image_96_png_jpg.rf.1e63466de7b7b003df969985a56501f6.jpg,3,20,17.48,125
iny31e00_jpg.rf.5535569971bb47c20a63d366099e9935.jpg,1,10,5.87,128
irn90c00-page02_1_jpg.rf.214fd70a1c474bdf5b15a8d18c679830.jpg,0,0,100.00,143
irn90c00-page02_2_jpg.rf.68129fd0c68e57757e28ac01ddf002e4.jpg,1,10,7.73,136
irx55e00_jpg.rf.e8e09d819470ec8e05e2e355e7140523.jpg,1,11,10.35,121
isp65f00_jpg.rf.62a1c5b893a69596920ae6d1c4d5fb21.jpg,1,9,20.60,135
ixo21c00_jpg.rf.6374e5215c5a6d41583241f4184434f9.jpg,1,11,11.44,119
ixp01f00_1_jpg.rf.8efa1640386ce2da109da22ad13a3d85.jpg,1,8,4.91,119
iyn03d00_jpg.rf.b062eef3166fb10b33d9515709bbca5f.jpg,1,10,71.61,128
izj51a00_jpg.rf.f08d77d05a87253f74cf98a4b805771b.jpg,2,22,8.21,147
jaw63f00-var-full_2_jpg.rf.6f19d39713667f0e1fa1921b191dc5da.jpg,1,7,36.30,123
jbs53d00_jpg.rf.f91707bf0df57bcb590dec3f58d523e0.jpg,1,10,6.75,118
jfd45f00_jpg.rf.59b802a0bd249511fe99ff9785424563.jpg,1,11,9.78,144
jfh35f00_jpg.rf.8b2d65d6be1f5f33a5adb1b1f64670c8.jpg,1,51,14.43,118
jfw98c00_jpg.rf.afb9b5de157e46360800298b81c61b35.jpg,1,10,3.05,120
jgs60f00-page03_1_jpg.rf.b52be0e1169193010cc9b54872afa654.jpg,0,0,100.00,124
jiy01a00-page02_1_jpg.rf.0c23db17f4d11c3c930de3d2ac96dead.jpg,0,0,100.00,167
jnx54f00_1_jpg.rf.8f6b30e1b73d02d73bddaa42b6e921b0.jpg,1,8,10.09,137
jrp2aa00-page02_1_jpg.rf.9157724e5591b7c88341d4017edecb00.jpg,0,0,100.00,146
jtj30e00-var_jpg.rf.f474bbfbf09037dd7dd714a75e941897.jpg,1,9,12.41,129
juo75f00_1_jpg.rf.474db62a4422cfba4a14986522827990.jpg,1,10,66.34,119
jxp35f00_jpg.rf.3d51f8c0fefcfcc5a572dc1f0ec4ce1b.jpg,2,71,18.74,134
jyf35a00_jpg.rf.559c63984552e6b86815fdfc6d668356.jpg,1,12,13.61,121
jzq96c00_jpg.rf.71e4c81bf3994b0e8feace0b09c9927e.jpg,1,11,13.44,116
kci90c00_jpg.rf.5c398fdb6c97510a3221cba8216f131b.jpg,1,10,1.40,113
kcv75f00-page02_1_jpg.rf.833954ac40e066338833ff8d2c8fbd02.jpg,1,0,100.00,151
kcv85f00_1_jpg.rf.2017e69d588b218f46bb084b46cd2f55.jpg,2,11,19.75,112
kde44c00-page02_2_jpg.rf.d043fea7120facc37a3b29610ead8d93.jpg,1,10,12.41,129
kdw38e00-page02_2_jpg.rf.64145e373e56966368c9308db13ccd2f.jpg,1,12,12.13,123
kex05f00_1_jpg.rf.c9979b86e59d0007642e26e1acd8cfe7.jpg,1,10,10.25,121
kgi60e00_jpg.rf.eab746cad6915bdf37b5fb8af0078d16.jpg,1,10,12.77,117
kgr04f00-page3_3_jpg.rf.4bd5ceb1eb2f6e32dda1972a05d51ab8.jpg,1,9,10.14,115
khh96d00_jpg.rf.375830c96479be4a817d5493b28b93d0.jpg,1,10,2.72,112
kjj24f00_jpg.rf.01ca0fb35e147278c737bad675ab1815.jpg,1,8,9.34,123
kma35f00_jpg.rf.8ac336a8e5e17e21738062cfce0c50e7.jpg,1,9,6.26,123
kmf72d00_1_jpg.rf.87c136ec304962a8995215364135216d.jpg,1,8,2.37,116
kmw13f00_jpg.rf.5f7cd4a7e156ae72e10ba14255f61d00.jpg,1,10,10.97,115
kpi68d00_jpg.rf.db736bfdabc3a1f2169e45a4689618d1.jpg,1,10,8.03,126
kvw59c00_jpg.rf.4e3750c7c7c9aa0248f94ed665e36a2e.jpg,1,10,8.11,140
law8aa00_jpg.rf.a511a43f829a28d305829feeaf6fe11f.jpg,2,19,10.75,106
lfv39d00_jpg.rf.4f499ac5e61b1914f60edb259303696d.jpg,1,9,30.67,116
lin01f00_jpg.rf.608d6fcddf5d127a8cb49be3d6a70860.jpg,3,24,7.11,111
lks41a00_jpg.rf.8be0bc3ef752df0052c04f3571aae121.jpg,1,10,6.42,113
llq11e00-page02_2_jpg.rf.de7257086f79990a62041470ee2ccfec.jpg,1,10,24.42,120
lox9aa00-first_jpg.rf.5ee3062b0b1b7255a2de89130913fda0.jpg,1,9,2.37,112
lpi68d00_jpg.rf.1dd6077caf58c8d66212aa612a6fb4e9.jpg,1,10,19.10,121
lrm00d00-first_1_jpg.rf.1b3a01c07b4f2d88fea391eafeec015e.jpg,1,10,17.38,120
lrm00d00-first_2_jpg.rf.13558b218ef2392b4590103204367e1c.jpg,1,9,24.45,116
mba90a00_jpg.rf.41a9420f9c2abc00fe73311c0a5aadad.jpg,1,10,6.11,125
mcm24f00_1_jpg.rf.0a0cc6ca73937d597a061a28ca8674be.jpg,1,12,8.77,142
men43c00_jpg.rf.daa84cb1cff905fc1519633775f0e676.jpg,1,10,29.35,126
mhn70f00-page3_3_jpg.rf.f41cda8e92ceb47ab9e753d6606ca82f.jpg,1,9,4.12,120
mia62d00_jpg.rf.be0aa3cd41ae01e192f826dac9ce08f9.jpg,1,11,4.98,122
mlk12d00_jpg.rf.c91c3a7e933df1056ac965a0a08bf19f.jpg,1,7,17.17,118
mlr04f00_jpg.rf.64a74c60903e31b51fafd4d8557fbf92.jpg,1,16,22.07,115
mma35f00_jpg.rf.e6ba680e19dd198ee1de42043e1f577b.jpg,1,9,14.08,120
mos87c00-page02_2_jpg.rf.897c08ad8a195fe87bc389a4f4487929.jpg,3,24,18.65,113
mtq30d00_1_jpg.rf.fd03b8cd4dab1d2d9925d7b46b8a1316.jpg,0,0,100.00,114
mub51a00_jpg.rf.5e443c6c89a7c80fe9fce6ea654f4295.jpg,1,11,2.95,158
mwj41f00_jpg.rf.e68591aecd719050b7265d2f9ceb622a.jpg,1,9,4.62,132
mzm72e00-page06_6_jpg.rf.368b76b3fc84fa2beb2350809ffe6c8d.jpg,2,17,20.15,105
nav20a00_jpg.rf.2c2f9cbda64a915d72fa1364d7a7a05d.jpg,1,11,18.67,134
nda6aa00_jpg.rf.0f4215c69dcc434ea9688ac483c9529b.jpg,1,6,16.25,118
nea69d00_jpg.rf.b03c03297877d4c82050a48115027637.jpg,1,11,5.38,135
njk79d00-page02_2_jpg.rf.cea98b223bd1138a77785581cbed3281.jpg,1,11,4.56,148
njn54c00_jpg.rf.1631d9477bacd36746efa67cb9b2d693.jpg,1,19,32.71,115
nle30a00_jpg.rf.9a94711dacad90cdbabb51e3a5835e83.jpg,1,10,9.30,117
nlk90c00_jpg.rf.aa735aaf671f88c9b953f5036b8f6748.jpg,1,9,10.84,181
nlq86d00_jpg.rf.8eab0daba8eb997c9686ba5a33574863.jpg,1,10,3.93,119
nlu01f00_jpg.rf.0cc6d3bf4f4dea72686475b865b34122.jpg,1,9,5.67,112
nma35f00_jpg.rf.9b7b9beb75a0e0ecf14047e6d16a4b6f.jpg,1,17,11.67,193
nsr05f00_1_jpg.rf.235ae787c84f2b0a7d400219e58e63ad.jpg,1,9,10.80,132
nul00a00_jpg.rf.d982a477be1ad1d14c107cd5004ed8dd.jpg,1,9,4.33,140
nuz52d00_jpg.rf.60e55993bf36d2ef2de9c585106aa987.jpg,1,8,17.79,126
nvz52d00-page02_2_jpg.rf.e31d349fa9d47f86b2b339efaee9a8fd.jpg,1,8,12.87,118
nzw16e00_jpg.rf.3acd75592d48f05dce07fd144103e830.jpg,2,21,15.38,140
obh31f00_1_jpg.rf.a9295fe73da7beb66b12ec40d75b3a84.jpg,1,10,8.17,113
ocr55d00_jpg.rf.5c1ecf698b087fd65d0bd6e111a38d00.jpg,1,9,9.17,113
odm51f00_jpg.rf.43db71f05f57b042805fb174f5e61f3e.jpg,1,10,6.56,113
oey93e00_jpg.rf.2d9dfc35e67cd43f0deee847c1885f8a.jpg,1,10,12.73,112
ofw98c00_jpg.rf.5ddb12c682b7f80c61ec87cbcb29e03a.jpg,1,13,10.46,117
oly45f00_jpg.rf.e56fc171bc5c93f81dcaaf7e4cd996c7.jpg,1,7,100.00,140
oma35f00_jpg.rf.6ab0ec5d126e772a0abcc447d25b46d9.jpg,1,9,8.08,221
osi00f00-page02_2_jpg.rf.8394074aafe3cd342ae5dc2671bf791d.jpg,1,0,100.00,117
osv63f00_1_jpg.rf.fc8f3ea7e0c627b1064a9db2ef01d39f.jpg,1,10,11.50,120
ouz52d00-page02_2_jpg.rf.bc1f2e452232ff396455c40ccb70ea02.jpg,1,8,8.92,136
OZh9EP_png_jpg.rf.7a824f17e0f74add1041b5281869ff49.jpg,0,0,100.00,122
pek94c00_1_jpg.rf.d5e1a78d69f92ee94badf774facd5471.jpg,1,9,22.84,120
pfd65f00_jpg.rf.7ad00daee01a3c568350c284661438d7.jpg,1,11,17.50,119
pfh94f00-page02-var_2_jpg.rf.9f58e3e88ccfb270323ef7082b57a631.jpg,1,11,4.99,135
pgo51e00-page04_3_jpg.rf.54e65c7edc64c4f0a56c2b99f14a5a75.jpg,1,9,5.71,116
pji44a00_jpg.rf.ffa2a51a74eadb743df24b88334be7cb.jpg,2,19,9.94,112
pkj90c00_jpg.rf.6350351da4eb8521d104112d943ea30e.jpg,1,9,8.10,149
ppz95d00_jpg.rf.59e896177d7d9e2862acc0735b4b58d0.jpg,1,11,10.40,114
pqw02f00-page07_7_jpg.rf.0947b7248057f9d4a6fce5bf038313bd.jpg,2,17,13.34,212
pti31a00_1_jpg.rf.08d351b78d58a1ea13496a8afcb91849.jpg,1,10,2.51,117
pvx38c00-page06_1_jpg.rf.6fb2c154fd4963c88ed927a9e1d8f5a2.jpg,0,0,100.00,210
pxp81f00_jpg.rf.9be36bcb787c5dd39fd1883c0a1edf4d.jpg,1,9,9.41,182
pym00d00-page14_14_jpg.rf.79d57c20bb964465d31e6dd085247b5d.jpg,2,21,20.50,155
pzb89c00_jpg.rf.57fba401e9a7d82c7dc541300501939a.jpg,1,10,46.24,164
pzm00d00_jpg.rf.4818c75c5d1b9308fa4b43bb73040ea2.jpg,1,9,3.58,234
qcu5aa00-init_jpg.rf.5cb08bcc531dea8c2e5b4eb0c1cb3b1d.jpg,1,7,8.99,123
qcw00f00-page02_2_jpg.rf.932e2b741fef4150c5055eb7a27ecf07.jpg,2,17,19.56,112
qin54c00_1_jpg.rf.aad89a386e37494b98eb74e87f5cfb67.jpg,1,8,6.44,148
qit05f00-page2_10_jpg.rf.ce028e5b8a40490f5f84030a79835234.jpg,1,9,7.74,118
qit05f00-page2_12_jpg.rf.c6a7e00e50e347d8b156811f54e5fdd9.jpg,1,10,9.04,111
qit05f00-page2_14_jpg.rf.7046314e6d06316b744c3f5b5ec1adae.jpg,1,10,11.48,123
qit05f00-page2_16_jpg.rf.6e91f60e162f5179a621fb254d12dc04.jpg,1,9,8.89,110
qit05f00-page2_2_jpg.rf.f3130b1c4b755ae6456846c1c975fdf8.jpg,1,10,5.04,142
qit05f00-page2_22_jpg.rf.4aa6fa76ce1ff29f16464a977f129dbb.jpg,1,10,4.86,118
qit05f00-page2_29_jpg.rf.127b0547db351ee01de6afc07532935f.jpg,1,10,2.31,144
qit05f00-page2_34_jpg.rf.548edfd6d9892b3c630ab9397129ee10.jpg,1,7,23.68,130
qit05f00-page2_36_jpg.rf.5f18b0bd94a32343c0ba332ce45205d1.jpg,1,9,4.42,112
qit05f00-page2_38_jpg.rf.f6dfc1dd9a1aa47b710c471ee893b3ad.jpg,1,10,5.68,133
qit05f00-page2_8_jpg.rf.d64733f5e0966a5de7fd75198a534dad.jpg,1,9,6.97,110
qji44a00_jpg.rf.9634cb669afe16393a2570afea7c08cf.jpg,2,19,8.48,126
qke30a00-first_jpg.rf.f3e1dabc1d5673c5bd8e740ed8281652.jpg,1,10,7.43,116
qma35f00_jpg.rf.7c39ae9343f422997cf9873d2b4d2be2.jpg,1,10,6.01,114
qtz54f00_1_jpg.rf.3494d818eb1320a24b1a3bd802b764be.jpg,1,10,14.99,133
qyt81e00-page02_1_jpg.rf.0f2f1186745c96541f8d68aefbed9bf0.jpg,0,0,100.00,112
rex05f00_1_jpg.rf.baad26efba39f920383d6a6b376ae61c.jpg,1,10,8.77,139
rga5aa00_jpg.rf.620b70c82859a577306755dc6e6411a7.jpg,1,9,9.30,110
rga5aa00_jpg.rf.c4f3629cac4d8da204b7681a77e4c7e8.jpg,1,8,4.24,127
rin95e00_jpg.rf.faea0f510052e3c2d014c7b2b666fd23.jpg,1,7,5.92,120
rji44a00_jpg.rf.f8f440caef2fb76d61871f153e6dfc0a.jpg,2,24,10.97,124
rks41a00_jpg.rf.d7af908ff1e0d7e845f5429ba57b5289.jpg,1,9,22.26,126
rqv98d00-page02_2_jpg.rf.aa9f20b82ce1d84475c4f07eb5c8de2b.jpg,1,10,11.67,116
rtv20a00-var_jpg.rf.84f736ab45f4eac1fd222afaf45d8f1e.jpg,2,18,9.31,113
ruu90c00_jpg.rf.351c5b54a838833504996c34cd2cdfca.jpg,1,9,20.62,119
rzo50e00_jpg.rf.39b2627d43e1d7f9517502c462a31ffa.jpg,1,10,6.31,131
rzz5aa00_jpg.rf.5df44c14258d1d0fe2451c2b7d9e23f6.jpg,1,0,100.00,115
scv85f00_jpg.rf.32e85ec644af3a1623578888bd413023.jpg,2,10,8.91,126
sdx05f00_1_jpg.rf.f2287d5eb658910863aef0a9fb74d780.jpg,1,10,4.45,114
sfp41a00-page5_5_jpg.rf.da4ded544d1a0b401627cbde9d587828.jpg,1,11,10.82,112
sfw98c00_jpg.rf.dc77baf3f4448a986208a0a145e865ea.jpg,1,10,25.73,139
sik65f00_1_jpg.rf.95fd44dc53ee8e7f13867b0b02dccaa7.jpg,1,11,7.17,129
sik79d00_jpg.rf.657dabbd2fed143af1b8a07303d179b3.jpg,2,20,32.67,115
sji44a00_jpg.rf.28bcbb553359d665424733d1d7bf790b.jpg,2,23,17.68,114
skj51f00_1_jpg.rf.c3b558fa1195da4e94869334ac5f33bc.jpg,1,7,16.26,142
sks41a00_jpg.rf.9b3f36533d797e5caa6cbadc35cf9e6e.jpg,1,10,5.51,123
sma35f00_jpg.rf.4049afa3367e92c915c33e6f5b04d909.jpg,1,11,14.12,114
std20e00-page01_1_jpg.rf.77c233a0c0a57e44f32307b67d9148cc.jpg,1,19,2.93,119
tbn00d00_jpg.rf.f50b843f0ef86c4392999914129961d9.jpg,1,8,1.32,124
teb06e00_jpg.rf.76863b2cf2eb362c27cba70f9c0ec44a.jpg,1,9,8.65,160
tfv39d00_jpg.rf.195c5931cebcf62aaf8d0e408110e553.jpg,1,11,4.08,119
tji44a00_jpg.rf.a79b3ede0c0bc108475bd48986824e3b.jpg,2,19,7.38,119
tjr72f00-page02_2_jpg.rf.f8e014bcf299430809a2173f0e9a0032.jpg,1,9,15.91,131
tjt59c00-var_jpg.rf.a1d2bbc4a468861da351e504fa836091.jpg,1,10,12.27,119
tkj51f00_1_jpg.rf.1dceb52f51b0edc4bc778fdb1b42d7af.jpg,1,10,10.90,166
tma35f00_jpg.rf.0f11f78f06ea70934c8650624c4e1f50.jpg,1,11,13.05,109
tpz83f00_jpg.rf.c29530b17b20d89a82a36986f013b229.jpg,1,11,1.71,130
tum33a00_jpg.rf.1b28dd4ff12ab5e555292cc9959c4d9b.jpg,1,10,10.55,130
tyo25f00_jpg.rf.e0bb9a353b4b1904520a7f1a3495e4a4.jpg,1,10,2.39,118
u5N0e5_png_jpg.rf.6321f315eb4935e3d96a286dce9f9642.jpg,3,0,100.00,111
ubd60f00_jpg.rf.86d8762ddab0d1b1fd43d27bd1451824.jpg,1,7,6.52,113
uca6aa00_jpg.rf.24111f1dc44aee9629019427ccf3bd8c.jpg,1,10,4.25,118
ukk18c00-page03_3_jpg.rf.503048f69517b19e823347f1606b4d4b.jpg,1,11,9.94,126
ukl43a00-page03_1_jpg.rf.3ee49e0ddcfb19f4ad03b3a94648e956.jpg,0,0,100.00,123
ukl43a00-page03_3_jpg.rf.af684ad7ddafa53c449809ebb5a59034.jpg,1,10,14.31,129
uma35f00_jpg.rf.987e1882bcf13014dfe6135d245d0d35.jpg,1,8,11.14,168
umw13f00_jpg.rf.e11d9708412de115f7bb4a769744dc50.jpg,1,11,8.27,118
uvk3aa00_jpg.rf.27f0432015c03e9865ba8105e8524f00.jpg,1,9,6.35,116
uzm55d00-page02_2_jpg.rf.f4743410cd6e87246ececc16221d2f94.jpg,1,7,15.78,119
vad45f00-page03_3_jpg.rf.188d512f4909c249fdd3881c2f20c2a0.jpg,1,6,17.97,140
vad45f00-page03_4_jpg.rf.fdcf55976d417be6ac62e814b106c06b.jpg,0,0,100.00,118
vad45f00-page03_6_jpg.rf.908a639071b7e676910640c5f325b0ef.jpg,1,9,21.78,213
vaw13f00_jpg.rf.e428ecff155d1507c1a85d0ddde59bb9.jpg,1,10,6.25,202
vbd23f00_jpg.rf.7d65e8847c8db7ea8a22eb9a918fd8d9.jpg,1,10,11.25,156
vbx83d00_jpg.rf.8cc4a53e25595233d9ede4e2d018ee21.jpg,1,9,6.92,117
vdr55d00_jpg.rf.393c57d815712ed4e2b8c7977e4bf9a7.jpg,1,9,5.32,137
vfh43f00_jpg.rf.03589bf1576c012d7ec9db3934e39e1b.jpg,1,10,22.10,165
vfs60f00_jpg.rf.386ff1cfaca96f5c037351e2b0ae2a7d.jpg,1,4,20.28,131
vgg45f00-first_jpg.rf.a8356cd7b7d86ebc4e734d29f6034331.jpg,1,12,17.45,165
vib56d00_jpg.rf.e5a3e51f6a8e0e9ac9b3c87c55abe0c4.jpg,2,20,26.02,140
vji44a00_jpg.rf.474a529c55ffa7fa0236c38a7fe1f702.jpg,2,20,12.12,149
vjk79d00-page04_4_jpg.rf.1cd4b52c2f8669a1c2fb87b807ea1606.jpg,1,11,8.29,119
VPAN1I_png_jpg.rf.4f96eebebc73e229f46ce5e60a6c8ec9.jpg,0,0,100.00,126
vvq90a00-page03_3_jpg.rf.83e4b5845a9e8c7741bf8fd9df62a28d.jpg,1,11,16.65,148
wab91d00-var_jpg.rf.96f329bf3add0bd000f20ef39c892dab.jpg,1,8,8.43,133
wat01f00_jpg.rf.e51347d9b0783f451160527f8e4d3fda.jpg,1,10,12.97,109
wau30a00-page9_10_jpg.rf.6d533900e8f25110b4b2f333a24ee35d.jpg,2,22,31.78,143
wau30a00-page9_13_jpg.rf.3230068d0f1d88d658dbe53d72d32229.jpg,1,8,14.31,130
wau30a00-page9_16_jpg.rf.b34c9bbb606cc9975a0dcc54c0fa9dab.jpg,1,9,6.17,112
wau30a00-page9_2_jpg.rf.eb80dc131eb49fb398069020978ba805.jpg,2,10,12.96,116
wau30a00-page9_3_jpg.rf.4b262f732e8663a422930efe9fa537cc.jpg,2,20,13.58,128
wau30a00-page9_4_jpg.rf.d6a7bc6a263f647b8834cd7963b9a992.jpg,2,20,9.47,122
wau30a00-page9_4_jpg.rf.dca0440c2c21e0548145fa664fc35ec2.jpg,2,20,25.14,123
wau30a00-page9_5_jpg.rf.9f8a164f68d0934faf3de5ecde53485d.jpg,2,18,32.96,116
wau30a00-page9_7_jpg.rf.015ababfd5d04a3f24fd28177889083e.jpg,2,17,5.03,117
wau30a00-page9_9_jpg.rf.cb4ea14b627ac8aeabf89502e764b11d.jpg,2,19,12.19,141
wbv90c00-page02_1_jpg.rf.31233a820a946aca7908a7980648a9b7.jpg,0,0,100.00,127
wbv90c00-page02_2_jpg.rf.16fdf442ba7595461fcb5d2713956d3d.jpg,1,8,8.71,113
wcq76d00_jpg.rf.f3af6d294a984e198097b734c559e46f.jpg,1,11,16.08,112
wdf14f00-page02_2_jpg.rf.5a650930ce9a20d8343edb428673725f.jpg,1,10,17.09,144
wej25f00_jpg.rf.ea6bfd33c20b4a35819652949bb5b930.jpg,1,10,6.80,121
wfg15f00-full_jpg.rf.d64003bdb5e94a88a1f901b931fc0f39.jpg,2,18,33.30,124
wfg55f00_1_jpg.rf.cc7d6f9c90ab570e1ab0c98e5be22d2d.jpg,1,25,5.81,111
wfv39d00_jpg.rf.460fdd2923d3e91428a9457db938ec79.jpg,1,11,22.17,190
wgo05c00_jpg.rf.c768e0c3a4b6d0f3df091a956b46dbce.jpg,1,10,7.79,120
whg41f00_jpg.rf.25cbe0136114a2faf9e3f866215ccd88.jpg,1,10,14.55,117
who15f00_jpg.rf.49dc871be8082ef4046680c736b2bd86.jpg,1,10,4.98,116
wlv85f00_1_jpg.rf.d141df273a5b5fc1ec55cc2d08260a90.jpg,0,0,100.00,119
wlv85f00_2_jpg.rf.052879a14fa7dd2ffd7a2e25b085c772.jpg,1,10,4.89,123
wma35f00_jpg.rf.894281a13b98160f3ae4389215edb1de.jpg,1,9,3.90,152
wRcGdh_png_jpg.rf.710c81172c31ff27d0b264d00c832f5b.jpg,1,10,26.97,114
wrn67e00_jpg.rf.8e53d5df08c3a9f7641e4bd0f628fcfa.jpg,1,8,22.52,167
wso51e00_jpg.rf.fc2e0bb560164ea5d38422218e71088d.jpg,1,10,9.43,128
wtm90c00_jpg.rf.0ae842a988b7d807095089fe3d203f5d.jpg,1,9,6.64,115
wut05f00_jpg.rf.756923475c2e91bf89036432893026b2.jpg,1,10,5.23,124
xbn00d00_jpg.rf.c03a6a9d366635a995ba6fd77d578f59.jpg,1,10,7.19,143
xik90c00_1_jpg.rf.7592236fa11651e82cbd9aedc191b62e.jpg,1,8,12.89,115
xlx69d00-page07_7_jpg.rf.3aa27dc3cf22b78071b36f5c0f9ec813.jpg,2,8,3.60,112
xoi68d00_jpg.rf.c9777e02f35db773d438a71b942b0b30.jpg,1,10,4.64,115
xrm23c00_jpg.rf.7eb428ff2da4132962329413320e33c3.jpg,1,9,14.63,142
xtm90c00_jpg.rf.412c3e491aea97e78f353ffa090394a2.jpg,1,10,8.31,113
xtr90a00_1_jpg.rf.426e986f0f27d0ea05c91147364f89f8.jpg,1,10,8.62,114
xyb11c00-page2_1_jpg.rf.a7b293d931d5d9d6b4e9923a55dc4b9f.jpg,0,0,100.00,114
xyf43a00-page02_1_jpg.rf.bbd57fc2c4b7f63e790fcf628d70a53a.jpg,0,0,100.00,121
xyf43a00-page02_2_jpg.rf.fa6502bab8635fe8abb9bdc7788aa0fa.jpg,2,17,12.52,158
yas45f00_jpg.rf.3f2cd5a69acc3c7c7c6c63387e04c2be.jpg,2,8,6.19,133
yaw51a00_jpg.rf.724c485493f3365c6923983e0c5455bb.jpg,1,11,11.46,145
yda69d00-page02_2_jpg.rf.629776fe82454b9dba8cb508b946c8bf.jpg,1,8,4.04,120
yeo49d00-page02_2_jpg.rf.03ed801e919fd1887eaa657c987108c2.jpg,3,28,14.98,120
ygs60f00-page02_2_jpg.rf.b3a52ccb27a18c6e7b85e3fd7de57d59.jpg,1,9,19.84,153
yhk94f00_jpg.rf.f44c8111df54957c7f01d64777dec2b1.jpg,2,10,5.88,126
yhw13f00_1_jpg.rf.19228ffaa73cc2eddec86ef2391190b2.jpg,1,11,9.68,131
yme01e00-page01_1_jpg.rf.34869c92f02475e90ef7df94c04024b6.jpg,1,10,5.60,125
yme01e00-page01_1_jpg.rf.bd44ff264fd0bcfec1f9d6e95e6db93d.jpg,1,10,8.97,120
yte65e00_jpg.rf.ea1ae8a0ccdce4937283df6862217703.jpg,1,10,6.84,124
yyo25f00_jpg.rf.4ae795267409ce80ac13cba9b7b98521.jpg,1,9,6.23,120
zav15e00_jpg.rf.3a4798a665a04cafc77e5e60e0181d98.jpg,1,9,13.10,124
zjy03e00-page02_1_jpg.rf.3e1156cd54e0ee3b1a7ed817d3929588.jpg,1,0,100.00,119
zkd43f00_3_jpg.rf.87616ea61e2a262a607dfb822f27248f.jpg,3,28,8.09,119
zkd43f00_3_jpg.rf.a2d5d89f89ed0832f8eec65d25f395e4.jpg,3,28,3.36,127
zlu43d00_jpg.rf.42b17ccc22ac0cf23513d50d2edfc096.jpg,1,10,9.76,183
zlw44e00-page02_1_jpg.rf.725f6c054c694edbc90f269bf4f7a8b1.jpg,0,0,100.00,115
zny04f00_1_jpg.rf.1bb506e5df60f54b238d63010581369b.jpg,0,0,100.00,123
zny04f00_2_jpg.rf.415115094043d4c6689735433d06bb53.jpg,1,10,6.86,142
zss86d00_jpg.rf.7b5d6b9e7f3ce5e371e67b1388d9beb1.jpg,1,10,3.18,114
zvs17e00_jpg.rf.e2b6a6ace711feeecdca4f67c63fc5ee.jpg,1,8,4.47,118
